{
  "test_name": "test_2_temporal",
  "timestamp": "2025-10-15T06:27:16.577536",
  "config": {
    "n_samples_requested": 24,
    "n_trajectories_obtained": 24,
    "years": [
      2020,
      2021,
      2022
    ],
    "threshold": 0.05
  },
  "data": {
    "n_clearings": 24,
    "n_trajectories": 24,
    "timepoints": [
      -6,
      -3,
      -1,
      0,
      3
    ]
  },
  "results": {
    "p_value": 2.900502617443599e-12,
    "t_statistic": 12.824632188742903,
    "mean_distances": [
      0.0,
      0.5533787587647239,
      0.5533787587647239,
      0.5533787587647239,
      0.5533787587647239
    ],
    "std_distances": [
      0.0,
      0.20693858947042987,
      0.20693858947042987,
      0.20693858947042987,
      0.20693858947042987
    ],
    "signal_ratio": 0.9999999819291946,
    "distances_matrix": [
      [
        0.0,
        0.5030432576727099,
        0.5030432576727099,
        0.5030432576727099,
        0.5030432576727099
      ],
      [
        0.0,
        0.4995865630634645,
        0.4995865630634645,
        0.4995865630634645,
        0.4995865630634645
      ],
      [
        0.0,
        0.6300032342718851,
        0.6300032342718851,
        0.6300032342718851,
        0.6300032342718851
      ],
      [
        0.0,
        0.44813773488619113,
        0.44813773488619113,
        0.44813773488619113,
        0.44813773488619113
      ],
      [
        0.0,
        0.934101996939665,
        0.934101996939665,
        0.934101996939665,
        0.934101996939665
      ],
      [
        0.0,
        0.34778959435223344,
        0.34778959435223344,
        0.34778959435223344,
        0.34778959435223344
      ],
      [
        0.0,
        0.6282976669718762,
        0.6282976669718762,
        0.6282976669718762,
        0.6282976669718762
      ],
      [
        0.0,
        0.24740420560176649,
        0.24740420560176649,
        0.24740420560176649,
        0.24740420560176649
      ],
      [
        0.0,
        0.722298063968841,
        0.722298063968841,
        0.722298063968841,
        0.722298063968841
      ],
      [
        0.0,
        0.4558639601080071,
        0.4558639601080071,
        0.4558639601080071,
        0.4558639601080071
      ],
      [
        0.0,
        0.5492508134609884,
        0.5492508134609884,
        0.5492508134609884,
        0.5492508134609884
      ],
      [
        0.0,
        0.5220592180517527,
        0.5220592180517527,
        0.5220592180517527,
        0.5220592180517527
      ],
      [
        0.0,
        0.628612137697353,
        0.628612137697353,
        0.628612137697353,
        0.628612137697353
      ],
      [
        0.0,
        0.4227221462903096,
        0.4227221462903096,
        0.4227221462903096,
        0.4227221462903096
      ],
      [
        0.0,
        0.377095680849895,
        0.377095680849895,
        0.377095680849895,
        0.377095680849895
      ],
      [
        0.0,
        0.455219771906046,
        0.455219771906046,
        0.455219771906046,
        0.455219771906046
      ],
      [
        0.0,
        0.3865269355004124,
        0.3865269355004124,
        0.3865269355004124,
        0.3865269355004124
      ],
      [
        0.0,
        0.793845090121995,
        0.793845090121995,
        0.793845090121995,
        0.793845090121995
      ],
      [
        0.0,
        0.9990096987651081,
        0.9990096987651081,
        0.9990096987651081,
        0.9990096987651081
      ],
      [
        0.0,
        0.4641822870480065,
        0.4641822870480065,
        0.4641822870480065,
        0.4641822870480065
      ],
      [
        0.0,
        0.2886355728652316,
        0.2886355728652316,
        0.2886355728652316,
        0.2886355728652316
      ],
      [
        0.0,
        0.2944004787565548,
        0.2944004787565548,
        0.2944004787565548,
        0.2944004787565548
      ],
      [
        0.0,
        0.9441253133551444,
        0.9441253133551444,
        0.9441253133551444,
        0.9441253133551444
      ],
      [
        0.0,
        0.7388787878479357,
        0.7388787878479357,
        0.7388787878479357,
        0.7388787878479357
      ]
    ],
    "n_trajectories": 24
  },
  "decision": {
    "threshold": 0.05,
    "p_value": 2.900502617443599e-12,
    "passed": true,
    "status": "PASS"
  }
}